group,population,plot, family ,block,d13c
1,blk cyn,BC1,59,5,-30.174
2,blk cyn,BC1,59,5,
1,blk cyn,BC1,59,2,-29.651
2,blk cyn,BC1,59,2,
1,blk cyn,BC1,59,4,-29.563
2,blk cyn,BC1,59,4,
1,blk cyn,BC1,59,3,-29.201
2,blk cyn,BC1,59,3,
1,blk cyn,BC1,59,1,-28.998
2,blk cyn,BC1,59,1,
1,blk cyn,BC1,60,4,-31.234
2,blk cyn,BC1,60,4,
1,blk cyn,BC1,60,3,-30.665
2,blk cyn,BC1,60,3,
1,blk cyn,BC1,60,1,-30.52
2,blk cyn,BC1,60,1,
1,blk cyn,BC1,60,5,-30.099
2,blk cyn,BC1,60,5,
1,blk cyn,BC1,60,2,-29.281
2,blk cyn,BC1,60,2,
1,blk cyn,BC1,61,5,-31.388
2,blk cyn,BC1,61,5,
1,blk cyn,BC1,61,3,-30.906
2,blk cyn,BC1,61,3,
1,blk cyn,BC1,61,3,-30.26
2,blk cyn,BC1,61,3,
1,blk cyn,BC1,61,4,-30.205
2,blk cyn,BC1,61,4,
1,blk cyn,BC1,61,2,-28.983
2,blk cyn,BC1,61,2,
1,blk cyn,BC2,63,5,-31.511
2,blk cyn,BC2,63,5,
1,blk cyn,BC2,63,4,-31.127
2,blk cyn,BC2,63,4,
1,blk cyn,BC2,63,1,-30.922
2,blk cyn,BC2,63,1,
1,blk cyn,BC2,63,3,-30.852
2,blk cyn,BC2,63,3,
1,blk cyn,BC2,63,2,-30.444
2,blk cyn,BC2,63,2,
1,blk cyn,BC2,64,4,-30.303
2,blk cyn,BC2,64,4,
1,blk cyn,BC2,64,5,-30.154
2,blk cyn,BC2,64,5,
1,blk cyn,BC2,64,3,-30.153
2,blk cyn,BC2,64,3,
1,blk cyn,BC2,64,1,-29.909
2,blk cyn,BC2,64,1,
1,blk cyn,BC2,64,2,-29.579
2,blk cyn,BC2,64,2,
1,blk cyn,BC2,65,1,-31.903
2,blk cyn,BC2,65,1,
1,blk cyn,BC2,65,4,-31.373
2,blk cyn,BC2,65,4,
1,blk cyn,BC2,65,5,-31.366
2,blk cyn,BC2,65,5,
1,blk cyn,BC2,65,2,-29.644
2,blk cyn,BC2,65,2,
1,blk cyn,BC2,65,3,-29.321
2,blk cyn,BC2,65,3,
1,blk cyn,BC2,67,5,-30.838
2,blk cyn,BC2,67,5,
1,blk cyn,BC2,67,2,-30.683
2,blk cyn,BC2,67,2,
1,blk cyn,BC2,67,4,-30.077
2,blk cyn,BC2,67,4,
1,blk cyn,BC2,67,3,-29.957
2,blk cyn,BC2,67,3,
1,blk cyn,BC2,67,1,-29.835
2,blk cyn,BC2,67,1,
1,blk cyn,BC2,69,2,-30.873
2,blk cyn,BC2,69,2,
1,blk cyn,BC2,69,1,-30.665
2,blk cyn,BC2,69,1,
1,blk cyn,BC2,69,4,-30.599
2,blk cyn,BC2,69,4,
1,blk cyn,BC2,69,3,-29.893
2,blk cyn,BC2,69,3,
1,blk cyn,BC2,69,5,-29.605
2,blk cyn,BC2,69,5,
1,blk cyn,BC3,72,5,-31.369
2,blk cyn,BC3,72,5,
1,blk cyn,BC3,72,3,-30.327
2,blk cyn,BC3,72,3,
1,blk cyn,BC3,72,1,-28.754
2,blk cyn,BC3,72,1,
1,blk cyn,BC3,72,2,-28.329
2,blk cyn,BC3,72,2,
1,blk cyn,BC3,72,4,-28.275
2,blk cyn,BC3,72,4,
1,blk cyn,BC3,73,1,-29.956
2,blk cyn,BC3,73,1,
1,blk cyn,BC3,73,1,-29.075
2,blk cyn,BC3,73,1,
1,blk cyn,BC3,73,1,-28.08
2,blk cyn,BC3,73,1,
1,flume,FT1,76,1,-31.766
2,flume,FT1,76,1,
1,flume,FT1,76,2,-30.731
2,flume,FT1,76,2,
1,flume,FT1,76,3,-30.286
2,flume,FT1,76,3,
1,flume,FT1,76,4,-29.549
2,flume,FT1,76,4,
1,flume,FT1,76,5,-28.707
2,flume,FT1,76,5,
1,flume,FT1,77,5,-31.785
2,flume,FT1,77,5,
1,flume,FT1,77,2,-31.352
2,flume,FT1,77,2,
1,flume,FT1,77,1,-29.795
2,flume,FT1,77,1,
1,flume,FT1,77,3,-29.737
2,flume,FT1,77,3,
1,flume,FT1,77,4,-29.332
2,flume,FT1,77,4,
1,flume,FT1,78,1,-31.302
2,flume,FT1,78,1,
1,flume,FT1,78,5,-30.713
2,flume,FT1,78,5,
1,flume,FT1,78,3,-30.255
2,flume,FT1,78,3,
1,flume,FT1,78,4,-30.02
2,flume,FT1,78,4,
1,flume,FT1,78,2,-29.882
2,flume,FT1,78,2,
1,flume,FT1,79,1,-31.658
2,flume,FT1,79,1,
1,flume,FT1,79,3,-31.373
2,flume,FT1,79,3,
1,flume,FT1,79,4,-30.289
2,flume,FT1,79,4,
1,flume,FT1,79,5,-29.803
2,flume,FT1,79,5,
1,flume,FT1,79,2,-29.006
2,flume,FT1,79,2,
1,flume,FT2,81,2,-31.216
2,flume,FT2,81,2,
1,flume,FT2,81,3,-30.98
2,flume,FT2,81,3,
1,flume,FT2,81,5,-30.496
2,flume,FT2,81,5,
1,flume,FT2,81,4,-30.301
2,flume,FT2,81,4,
1,flume,FT2,81,1,-30.192
2,flume,FT2,81,1,
1,flume,FT2,82,1,-30.763
2,flume,FT2,82,1,
1,flume,FT2,82,5,-30.687
2,flume,FT2,82,5,
1,flume,FT2,82,4,-30.637
2,flume,FT2,82,4,
1,flume,FT2,82,3,-29.367
2,flume,FT2,82,3,
1,flume,FT2,82,2,-28.404
2,flume,FT2,82,2,
1,flume,FT2,83,4,-31.688
2,flume,FT2,83,4,
1,flume,FT2,83,2,-30.854
2,flume,FT2,83,2,
1,flume,FT2,83,4,-30.407
2,flume,FT2,83,4,
1,flume,FT2,83,3,-30.396
2,flume,FT2,83,3,
1,flume,FT2,83,1,-29.891
2,flume,FT2,83,1,
1,flume,FT2,84,3,-32.072
2,flume,FT2,84,3,
1,flume,FT2,84,2,-31.245
2,flume,FT2,84,2,
1,flume,FT2,84,1,-31.062
2,flume,FT2,84,1,
1,flume,FT2,84,5,-30.93
2,flume,FT2,84,5,
1,flume,FT2,84,4,-30.869
2,flume,FT2,84,4,
1,flume,FT2,85,3,-31.287
2,flume,FT2,85,3,
1,flume,FT2,85,5,-30.861
2,flume,FT2,85,5,
1,flume,FT2,85,1,-30.575
2,flume,FT2,85,1,
1,flume,FT2,85,4,-30.496
2,flume,FT2,85,4,
1,flume,FT2,85,2,-29.715
2,flume,FT2,85,2,
1,flume,FT2,86,3,-31.264
2,flume,FT2,86,3,
1,flume,FT2,86,2,-30.616
2,flume,FT2,86,2,
1,flume,FT2,86,4,-30.599
2,flume,FT2,86,4,
1,flume,FT2,86,1,-30.296
2,flume,FT2,86,1,
1,flume,FT2,86,5,-30.065
2,flume,FT2,86,5,
1,flume,FT2,86,4,-29.537
2,flume,FT2,86,4,
1,flume,FT2,87,4,-30.336
2,flume,FT2,87,4,
1,flume,FT2,87,1,-30.233
2,flume,FT2,87,1,
1,flume,FT2,87,3,-29.917
2,flume,FT2,87,3,
1,flume,FT2,87,5,-29.894
2,flume,FT2,87,5,
1,flume,FT3,88,4,-31.457
2,flume,FT3,88,4,
1,flume,FT3,88,5,-30.402
2,flume,FT3,88,5,
1,flume,FT3,88,2,-29.894
2,flume,FT3,88,2,
1,flume,FT3,88,1,-29.367
2,flume,FT3,88,1,
1,flume,FT3,88,3,-29.048
2,flume,FT3,88,3,
1,flume,FT3,89,1,-31.078
2,flume,FT3,89,1,
1,flume,FT3,89,4,-31.043
2,flume,FT3,89,4,
1,flume,FT3,89,3,-30.169
2,flume,FT3,89,3,
1,flume,FT3,89,5,-29.98
2,flume,FT3,89,5,
1,flume,FT3,89,2,-28.982
2,flume,FT3,89,2,
1,flume,FT3,90,3,-32.14
2,flume,FT3,90,3,
1,flume,FT3,90,1,-31.701
2,flume,FT3,90,1,
1,flume,FT3,90,4,-30.722
2,flume,FT3,90,4,
1,flume,FT3,90,3,-30.299
2,flume,FT3,90,3,
1,flume,FT3,90,2,-29.583
2,flume,FT3,90,2,
1,flume,FT3,92,2,-31.156
2,flume,FT3,92,2,
1,flume,FT3,92,5,-30.935
2,flume,FT3,92,5,
1,flume,FT3,92,3,-30.678
2,flume,FT3,92,3,
1,flume,FT3,92,1,-30.577
2,flume,FT3,92,1,
1,flume,FT3,92,4,-30.108
2,flume,FT3,92,4,
1,flume,FT3,93,4,-30.534
2,flume,FT3,93,4,
1,flume,FT3,93,1,-30.198
2,flume,FT3,93,1,
1,flume,FT3,93,5,-29.666
2,flume,FT3,93,5,
1,flume,FT3,93,2,-29.371
2,flume,FT3,93,2,
1,flume,FT3,93,3,-27.332
2,flume,FT3,93,3,
1,incline lk,IL1,94,3,-31.843
2,incline lk,IL1,94,3,
1,incline lk,IL1,94,2,-31.723
2,incline lk,IL1,94,2,
1,incline lk,IL1,94,5,-30.405
2,incline lk,IL1,94,5,
1,incline lk,IL1,94,1,-30.344
2,incline lk,IL1,94,1,
1,incline lk,IL1,94,4,-29.383
2,incline lk,IL1,94,4,
1,incline lk,IL1,95,3,-30.596
2,incline lk,IL1,95,3,
1,incline lk,IL1,95,4,-30.51
2,incline lk,IL1,95,4,
1,incline lk,IL1,95,5,-29.996
2,incline lk,IL1,95,5,
1,incline lk,IL1,95,1,-29.839
2,incline lk,IL1,95,1,
1,incline lk,IL1,95,2,-29.408
2,incline lk,IL1,95,2,
1,incline lk,IL1,96,3,-31.578
2,incline lk,IL1,96,3,
1,incline lk,IL1,96,4,-30.802
2,incline lk,IL1,96,4,
1,incline lk,IL1,96,1,-30.584
2,incline lk,IL1,96,1,
1,incline lk,IL1,96,2,-30.2
2,incline lk,IL1,96,2,
1,incline lk,IL1,96,1,-29.879
2,incline lk,IL1,96,1,
1,incline lk,IL1,97,4,-31.51
2,incline lk,IL1,97,4,
1,incline lk,IL1,97,5,-30.444
2,incline lk,IL1,97,5,
1,incline lk,IL1,97,2,-30.237
2,incline lk,IL1,97,2,
1,incline lk,IL1,97,3,-29.774
2,incline lk,IL1,97,3,
1,incline lk,IL1,97,1,-29.2
2,incline lk,IL1,97,1,
1,incline lk,IL1,98,2,-31.858
2,incline lk,IL1,98,2,
1,incline lk,IL1,98,3,-30.55
2,incline lk,IL1,98,3,
1,incline lk,IL1,98,1,-30.309
2,incline lk,IL1,98,1,
1,incline lk,IL1,98,4,-30.237
2,incline lk,IL1,98,4,
1,incline lk,IL1,98,5,-29.749
2,incline lk,IL1,98,5,
1,incline lk,IL1,99,3,-31.688
2,incline lk,IL1,99,3,
1,incline lk,IL1,99,2,-31.373
2,incline lk,IL1,99,2,
1,incline lk,IL1,99,1,-30.751
2,incline lk,IL1,99,1,
1,incline lk,IL1,99,4,-30.644
2,incline lk,IL1,99,4,
1,incline lk,IL1,99,5,-30.619
2,incline lk,IL1,99,5,
1,incline lk,IL1,100,1,-31.448
2,incline lk,IL1,100,1,
1,incline lk,IL1,100,5,-31.312
2,incline lk,IL1,100,5,
1,incline lk,IL1,100,3,-30.719
2,incline lk,IL1,100,3,
1,incline lk,IL1,100,2,-30.158
2,incline lk,IL1,100,2,
1,incline lk,IL1,100,4,-29.467
2,incline lk,IL1,100,4,
1,incline lk,IL2,101,4,-31.473
2,incline lk,IL2,101,4,
1,incline lk,IL2,101,1,-31.166
2,incline lk,IL2,101,1,
1,incline lk,IL2,101,2,-30.39
2,incline lk,IL2,101,2,
1,incline lk,IL2,101,3,-30.2
2,incline lk,IL2,101,3,
1,incline lk,IL2,102,1,-32.518
2,incline lk,IL2,102,1,
1,incline lk,IL2,102,2,-31.15
2,incline lk,IL2,102,2,
1,incline lk,IL2,102,5,-31.061
2,incline lk,IL2,102,5,
1,incline lk,IL2,102,4,-30.659
2,incline lk,IL2,102,4,
1,incline lk,IL2,102,3,-30.284
2,incline lk,IL2,102,3,
1,incline lk,IL2,103,5,-31.428
2,incline lk,IL2,103,5,
1,incline lk,IL2,103,4,-30.912
2,incline lk,IL2,103,4,
1,incline lk,IL2,103,2,-30.793
2,incline lk,IL2,103,2,
1,incline lk,IL2,103,1,-29.921
2,incline lk,IL2,103,1,
1,incline lk,IL2,103,3,-28.986
2,incline lk,IL2,103,3,
1,incline lk,IL2,104,5,-31.82
2,incline lk,IL2,104,5,
1,incline lk,IL2,104,4,-31.624
2,incline lk,IL2,104,4,
1,incline lk,IL2,104,2,-31.433
2,incline lk,IL2,104,2,
1,incline lk,IL2,104,1,-30.971
2,incline lk,IL2,104,1,
1,incline lk,IL2,104,3,-30.679
2,incline lk,IL2,104,3,
1,incline lk,IL2,105,3,-32.699
2,incline lk,IL2,105,3,
1,incline lk,IL2,105,5,-31.568
2,incline lk,IL2,105,5,
1,incline lk,IL2,105,2,-30.862
2,incline lk,IL2,105,2,
1,incline lk,IL2,105,1,-30.602
2,incline lk,IL2,105,1,
1,incline lk,IL2,105,5,-30.396
2,incline lk,IL2,105,5,
1,incline lk,IL2,107,4,-30.593
2,incline lk,IL2,107,4,
1,incline lk,IL2,107,3,-30.146
2,incline lk,IL2,107,3,
1,incline lk,IL2,107,5,-30.113
2,incline lk,IL2,107,5,
1,incline lk,IL2,107,1,-29.719
2,incline lk,IL2,107,1,
1,incline lk,IL2,107,2,-29.107
2,incline lk,IL2,107,2,
1,incline lk,IL2,108,3,-32.677
2,incline lk,IL2,108,3,
1,incline lk,IL2,108,4,-30.503
2,incline lk,IL2,108,4,
1,incline lk,IL2,108,5,-30.501
2,incline lk,IL2,108,5,
1,incline lk,IL2,108,1,-28.996
2,incline lk,IL2,108,1,
1,incline lk,IL2,108,2,-28.129
2,incline lk,IL2,108,2,
1,incline lk,IL3,109,2,-31.828
2,incline lk,IL3,109,2,
1,incline lk,IL3,109,5,-31.196
2,incline lk,IL3,109,5,
1,incline lk,IL3,109,3,-31.056
2,incline lk,IL3,109,3,
1,incline lk,IL3,109,4,-30.928
2,incline lk,IL3,109,4,
1,incline lk,IL3,109,1,-29.65
2,incline lk,IL3,109,1,
1,incline lk,IL3,110,5,-31.582
2,incline lk,IL3,110,5,
1,incline lk,IL3,110,1,-31.163
2,incline lk,IL3,110,1,
1,incline lk,IL3,110,3,-30.474
2,incline lk,IL3,110,3,
1,incline lk,IL3,110,2,-29.848
2,incline lk,IL3,110,2,
1,incline lk,IL3,110,5,-29.74
2,incline lk,IL3,110,5,
1,incline lk,IL3,111,2,-31.418
2,incline lk,IL3,111,2,
1,incline lk,IL3,111,5,-30.907
2,incline lk,IL3,111,5,
1,incline lk,IL3,111,3,-30.346
2,incline lk,IL3,111,3,
1,incline lk,IL3,111,4,-28.971
2,incline lk,IL3,111,4,
1,incline lk,IL3,111,1,-28.538
2,incline lk,IL3,111,1,
1,incline lk,IL3,112,5,-31.633
2,incline lk,IL3,112,5,
1,incline lk,IL3,112,3,-31.443
2,incline lk,IL3,112,3,
1,incline lk,IL3,112,4,-30.982
2,incline lk,IL3,112,4,
1,incline lk,IL3,112,1,-29.668
2,incline lk,IL3,112,1,
1,incline lk,IL3,112,2,-29.087
2,incline lk,IL3,112,2,
1,incline lk,IL3,113,5,-31.611
2,incline lk,IL3,113,5,
1,incline lk,IL3,113,3,-30.992
2,incline lk,IL3,113,3,
1,incline lk,IL3,113,4,-30.915
2,incline lk,IL3,113,4,
1,incline lk,IL3,113,1,-30.625
2,incline lk,IL3,113,1,
1,incline lk,IL3,113,2,-29.198
2,incline lk,IL3,113,2,
1,incline lk,IL3,114,2,-31.709
2,incline lk,IL3,114,2,
1,incline lk,IL3,114,3,-31.18
2,incline lk,IL3,114,3,
1,incline lk,IL3,114,1,-29.877
2,incline lk,IL3,114,1,
1,incline lk,IL3,114,5,-29.854
2,incline lk,IL3,114,5,
1,incline lk,IL3,114,4,-29.785
2,incline lk,IL3,114,4,
1,incline lk,IL3,115,5,-30.829
2,incline lk,IL3,115,5,
1,incline lk,IL3,115,3,-30.69
2,incline lk,IL3,115,3,
1,incline lk,IL3,115,1,-30.581
2,incline lk,IL3,115,1,
1,incline lk,IL3,115,4,-29.919
2,incline lk,IL3,115,4,
1,incline lk,IL3,115,2,-29.864
2,incline lk,IL3,115,2,
1,incline lk,IL3,116,5,-31.194
2,incline lk,IL3,116,5,
1,incline lk,IL3,116,2,-30.762
2,incline lk,IL3,116,2,
1,incline lk,IL3,116,1,-30.56
2,incline lk,IL3,116,1,
1,incline lk,IL3,116,3,-30.536
2,incline lk,IL3,116,3,
1,incline lk,IL3,116,4,-29.183
2,incline lk,IL3,116,4,
1,echo lk,EL1,117,5,-31.965
2,echo lk,EL1,117,5,
1,echo lk,EL1,117,2,-31.824
2,echo lk,EL1,117,2,
1,echo lk,EL1,117,3,-31.183
2,echo lk,EL1,117,3,
1,echo lk,EL1,117,4,-29.78
2,echo lk,EL1,117,4,
1,echo lk,EL1,117,1,-29.715
2,echo lk,EL1,117,1,
1,echo lk,EL1,120,2,-31.022
2,echo lk,EL1,120,2,
1,echo lk,EL1,120,5,-30.849
2,echo lk,EL1,120,5,
1,echo lk,EL1,120,3,-30.799
2,echo lk,EL1,120,3,
1,echo lk,EL1,120,1,-30.574
2,echo lk,EL1,120,1,
1,echo lk,EL1,120,4,-30.532
2,echo lk,EL1,120,4,
1,echo lk,EL1,121,5,-31.633
2,echo lk,EL1,121,5,
1,echo lk,EL1,121,4,-31.284
2,echo lk,EL1,121,4,
1,echo lk,EL1,121,3,-31.093
2,echo lk,EL1,121,3,
1,echo lk,EL1,121,1,-30.609
2,echo lk,EL1,121,1,
1,echo lk,EL1,121,2,-30.413
2,echo lk,EL1,121,2,
1,echo lk,EL2,122,5,-32.213
2,echo lk,EL2,122,5,
1,echo lk,EL2,122,4,-31.88
2,echo lk,EL2,122,4,
1,echo lk,EL2,122,1,-31.829
2,echo lk,EL2,122,1,
1,echo lk,EL2,122,3,-30.734
2,echo lk,EL2,122,3,
1,echo lk,EL2,122,2,-30.394
2,echo lk,EL2,122,2,
1,echo lk,EL2,123,3,-31.831
2,echo lk,EL2,123,3,
1,echo lk,EL2,123,5,-31.457
2,echo lk,EL2,123,5,
1,echo lk,EL2,123,2,-31.194
2,echo lk,EL2,123,2,
1,echo lk,EL2,123,4,-30.546
2,echo lk,EL2,123,4,
1,echo lk,EL2,123,1,-29.131
2,echo lk,EL2,123,1,
1,echo lk,EL2,124,2,-31.604
2,echo lk,EL2,124,2,
1,echo lk,EL2,124,1,-31.566
2,echo lk,EL2,124,1,
1,echo lk,EL2,124,5,-31.261
2,echo lk,EL2,124,5,
1,echo lk,EL2,124,3,-31.06
2,echo lk,EL2,124,3,
1,echo lk,EL2,124,4,-30.391
2,echo lk,EL2,124,4,
1,echo lk,EL2,126,3,-31.511
2,echo lk,EL2,126,3,
1,echo lk,EL2,126,4,-31.444
2,echo lk,EL2,126,4,
1,echo lk,EL2,126,2,-30.933
2,echo lk,EL2,126,2,
1,echo lk,EL2,126,1,-30.737
2,echo lk,EL2,126,1,
1,echo lk,EL2,126,5,-29.758
2,echo lk,EL2,126,5,
1,echo lk,EL3,127,3,-31.464
2,echo lk,EL3,127,3,
1,echo lk,EL3,127,4,-31.168
2,echo lk,EL3,127,4,
1,echo lk,EL3,127,5,-30.61
2,echo lk,EL3,127,5,
1,echo lk,EL3,127,2,-30.454
2,echo lk,EL3,127,2,
1,echo lk,EL3,127,1,-30.36
2,echo lk,EL3,127,1,
1,echo lk,EL3,129,1,-31.641
2,echo lk,EL3,129,1,
1,echo lk,EL3,129,5,-31.203
2,echo lk,EL3,129,5,
1,echo lk,EL3,129,2,-30.749
2,echo lk,EL3,129,2,
1,echo lk,EL3,129,4,-30.441
2,echo lk,EL3,129,4,
1,echo lk,EL3,129,3,-30.003
2,echo lk,EL3,129,3,
1,jakes,JK1,130,5,-32.09
2,jakes,JK1,130,5,
1,jakes,JK1,130,2,-31.968
2,jakes,JK1,130,2,
1,jakes,JK1,130,3,-31.495
2,jakes,JK1,130,3,
1,jakes,JK1,130,5,-31.281
2,jakes,JK1,130,5,
1,jakes,JK1,130,1,-29.243
2,jakes,JK1,130,1,
1,jakes,JK1,131,1,-31.577
2,jakes,JK1,131,1,
1,jakes,JK1,131,2,-30.483
2,jakes,JK1,131,2,
1,jakes,JK1,131,4,-29.692
2,jakes,JK1,131,4,
1,jakes,JK1,131,5,-29.659
2,jakes,JK1,131,5,
1,jakes,JK1,131,3,-29.073
2,jakes,JK1,131,3,
1,jakes,JK1,132,5,-31.914
2,jakes,JK1,132,5,
1,jakes,JK1,132,4,-31.091
2,jakes,JK1,132,4,
1,jakes,JK1,132,3,-30.85
2,jakes,JK1,132,3,
1,jakes,JK1,132,1,-30.799
2,jakes,JK1,132,1,
1,jakes,JK1,132,2,-30.164
2,jakes,JK1,132,2,
1,jakes,JK1,134,5,-31.873
2,jakes,JK1,134,5,
1,jakes,JK1,134,4,-31.016
2,jakes,JK1,134,4,
1,jakes,JK1,134,1,-30.999
2,jakes,JK1,134,1,
1,jakes,JK1,134,2,-30.255
2,jakes,JK1,134,2,
1,jakes,JK1,134,3,-29.583
2,jakes,JK1,134,3,
1,jakes,JK2,135,5,-32.215
2,jakes,JK2,135,5,
1,jakes,JK2,135,2,-31.737
2,jakes,JK2,135,2,
1,jakes,JK2,135,4,-31.238
2,jakes,JK2,135,4,
1,jakes,JK2,135,1,-30.85
2,jakes,JK2,135,1,
1,jakes,JK2,135,3,-30.38
2,jakes,JK2,135,3,
1,jakes,JK2,137,2,-32.783
2,jakes,JK2,137,2,
1,jakes,JK2,137,1,-31.163
2,jakes,JK2,137,1,
1,jakes,JK2,137,4,-30.944
2,jakes,JK2,137,4,
1,jakes,JK2,137,3,-30.06
2,jakes,JK2,137,3,
1,jakes,JK2,137,5,-27.689
2,jakes,JK2,137,5,
1,jakes,JK2,138,1,-31.598
2,jakes,JK2,138,1,
1,jakes,JK2,138,3,-31.232
2,jakes,JK2,138,3,
1,jakes,JK2,138,5,-30.47
2,jakes,JK2,138,5,
1,jakes,JK2,138,4,-30.356
2,jakes,JK2,138,4,
1,jakes,JK2,138,2,-29.919
2,jakes,JK2,138,2,
1,jakes,JK3,139,1,-31.381
2,jakes,JK3,139,1,
1,jakes,JK3,139,3,-31.262
2,jakes,JK3,139,3,
1,jakes,JK3,139,5,-30.541
2,jakes,JK3,139,5,
1,jakes,JK3,139,2,-29.945
2,jakes,JK3,139,2,
1,jakes,JK3,139,4,-29.543
2,jakes,JK3,139,4,
1,jakes,JK3,140,3,-32.542
2,jakes,JK3,140,3,
1,jakes,JK3,140,5,-32.148
2,jakes,JK3,140,5,
1,jakes,JK3,140,2,-31.455
2,jakes,JK3,140,2,
1,jakes,JK3,140,4,-30.719
2,jakes,JK3,140,4,
1,jakes,JK3,140,1,-30.005
2,jakes,JK3,140,1,
1,jakes,JK3,142,5,-31.693
2,jakes,JK3,142,5,
1,jakes,JK3,142,4,-30.62
2,jakes,JK3,142,4,
1,jakes,JK3,142,3,-30.246
2,jakes,JK3,142,3,
1,jakes,JK3,142,1,-29.823
2,jakes,JK3,142,1,
1,jakes,JK3,142,2,-29.813
2,jakes,JK3,142,2,
1,jakes,JK3,143,2,-31.731
2,jakes,JK3,143,2,
1,jakes,JK3,143,5,-30.843
2,jakes,JK3,143,5,
1,jakes,JK3,143,4,-30.765
2,jakes,JK3,143,4,
1,jakes,JK3,143,3,-30.678
2,jakes,JK3,143,3,
1,jakes,JK3,143,1,-29.144
2,jakes,JK3,143,1,
1,jakes,JK3,144,5,-31.775
2,jakes,JK3,144,5,
1,jakes,JK3,144,1,-31.761
2,jakes,JK3,144,1,
1,jakes,JK3,144,3,-31.205
2,jakes,JK3,144,3,
1,jakes,JK3,144,2,-30.52
2,jakes,JK3,144,2,
1,jakes,JK3,144,4,-29.13
2,jakes,JK3,144,4,
1,hvn,HVU2,145,4,-32.528
2,hvn,HVU2,145,4,
1,hvn,HVU2,145,1,-32.07
2,hvn,HVU2,145,1,
1,hvn,HVU2,145,3,-31.121
2,hvn,HVU2,145,3,
1,hvn,HVU2,145,2,-30.989
2,hvn,HVU2,145,2,
1,hvn,HVU2,145,5,-30.694
2,hvn,HVU2,145,5,
1,hvn,HVU2,146,2,-32.496
2,hvn,HVU2,146,2,
1,hvn,HVU2,146,5,-32.077
2,hvn,HVU2,146,5,
1,hvn,HVU2,146,1,-30.633
2,hvn,HVU2,146,1,
1,hvn,HVU2,146,3,-30.375
2,hvn,HVU2,146,3,
1,hvn,HVU2,146,4,-29.825
2,hvn,HVU2,146,4,
1,hvn,HVU2,148,4,-32.236
2,hvn,HVU2,148,4,
1,hvn,HVU2,148,5,-31.398
2,hvn,HVU2,148,5,
1,hvn,HVU2,148,3,-31.133
2,hvn,HVU2,148,3,
1,hvn,HVU2,148,3,-30.998
2,hvn,HVU2,148,3,
1,hvn,HVU2,148,1,-30.218
2,hvn,HVU2,148,1,
1,hvn,HVU2,149,4,-32.351
2,hvn,HVU2,149,4,
1,hvn,HVU2,149,5,-32.186
2,hvn,HVU2,149,5,
1,hvn,HVU2,149,3,-32.045
2,hvn,HVU2,149,3,
1,hvn,HVU2,149,1,-30.993
2,hvn,HVU2,149,1,
1,hvn,HVU2,149,2,-30.204
2,hvn,HVU2,149,2,
1,hvn,HVU2,150,1,-32.521
2,hvn,HVU2,150,1,
1,hvn,HVU2,150,5,-32.36
2,hvn,HVU2,150,5,
1,hvn,HVU2,150,2,-32.159
2,hvn,HVU2,150,2,
1,hvn,HVU2,150,3,-31.493
2,hvn,HVU2,150,3,
1,hvn,HVU2,150,4,-30.259
2,hvn,HVU2,150,4,
1,hvn,HVU2,151,4,-31.95
2,hvn,HVU2,151,4,
1,hvn,HVU2,151,3,-31.693
2,hvn,HVU2,151,3,
1,hvn,HVU2,151,5,-30.68
2,hvn,HVU2,151,5,
1,hvn,HVU2,151,1,-30.417
2,hvn,HVU2,151,1,
1,hvn,HVU2,151,2,-30.389
2,hvn,HVU2,151,2,
1,hvn,HVU2,152,3,-32.041
2,hvn,HVU2,152,3,
1,hvn,HVU2,152,5,-30.67
2,hvn,HVU2,152,5,
1,hvn,HVU2,152,2,-30.596
2,hvn,HVU2,152,2,
1,hvn,HVU2,152,1,-30.069
2,hvn,HVU2,152,1,
1,hvn,HVU2,152,4,-28.886
2,hvn,HVU2,152,4,
1,hvn,HVU1,153,2,-32.883
2,hvn,HVU1,153,2,
1,hvn,HVU1,153,4,-32.601
2,hvn,HVU1,153,4,
1,hvn,HVU1,153,1,-32.093
2,hvn,HVU1,153,1,
1,hvn,HVU1,153,4,-31.943
2,hvn,HVU1,153,4,
1,hvn,HVU1,153,3,-31.342
2,hvn,HVU1,153,3,
1,hvn,HVU1,154,3,-30.898
2,hvn,HVU1,154,3,
1,hvn,HVU1,154,2,-30.546
2,hvn,HVU1,154,2,
1,hvn,HVU1,154,4,-30.161
2,hvn,HVU1,154,4,
1,hvn,HVU1,154,5,-29.768
2,hvn,HVU1,154,5,
1,hvn,HVU1,154,1,-29.757
2,hvn,HVU1,154,1,
1,hvn,HVU1,156,5,-32.529
2,hvn,HVU1,156,5,
1,hvn,HVU1,156,1,-31.855
2,hvn,HVU1,156,1,
1,hvn,HVU1,156,2,-31.288
2,hvn,HVU1,156,2,
1,hvn,HVU1,156,3,-30.263
2,hvn,HVU1,156,3,
1,hvn,HVU1,156,4,-29.527
2,hvn,HVU1,156,4,
1,hvn,HVU1,157,5,-32.422
2,hvn,HVU1,157,5,
1,hvn,HVU1,157,5,-32.314
2,hvn,HVU1,157,5,
1,hvn,HVU1,157,4,-30.382
2,hvn,HVU1,157,4,
1,hvn,HVU1,157,2,-29.743
2,hvn,HVU1,157,2,
1,hvn,HVU1,157,1,-29.313
2,hvn,HVU1,157,1,
1,hvn,HVU1,158,4,-32.183
2,hvn,HVU1,158,4,
1,hvn,HVU1,158,3,-30.692
2,hvn,HVU1,158,3,
1,hvn,HVU1,158,2,-30.677
2,hvn,HVU1,158,2,
1,hvn,HVU1,158,1,-30.188
2,hvn,HVU1,158,1,
1,hvn,HVU1,158,5,-29.549
2,hvn,HVU1,158,5,
1,hvn,HVU1,159,2,-32.534
2,hvn,HVU1,159,2,
1,hvn,HVU1,159,3,-31.561
2,hvn,HVU1,159,3,
1,hvn,HVU1,159,5,-31.178
2,hvn,HVU1,159,5,
1,hvn,HVU1,159,1,-31.084
2,hvn,HVU1,159,1,
1,hvn,HVU1,159,4,-29.969
2,hvn,HVU1,159,4,
1,hvn,HVU3,160,2,-31.816
2,hvn,HVU3,160,2,
1,hvn,HVU3,160,3,-31.355
2,hvn,HVU3,160,3,
1,hvn,HVU3,160,4,-30.645
2,hvn,HVU3,160,4,
1,hvn,HVU3,160,1,-30.529
2,hvn,HVU3,160,1,
1,hvn,HVU3,160,5,-29.076
2,hvn,HVU3,160,5,
1,hvn,HVU3,161,5,-31.235
2,hvn,HVU3,161,5,
1,hvn,HVU3,161,3,-31.012
2,hvn,HVU3,161,3,
1,hvn,HVU3,161,2,-30.871
2,hvn,HVU3,161,2,
1,hvn,HVU3,161,1,-30.383
2,hvn,HVU3,161,1,
1,hvn,HVU3,161,4,-30.368
2,hvn,HVU3,161,4,
1,hvn,HVU3,162,1,-31.855
2,hvn,HVU3,162,1,
1,hvn,HVU3,162,5,-31.354
2,hvn,HVU3,162,5,
1,hvn,HVU3,162,2,-31.062
2,hvn,HVU3,162,2,
1,hvn,HVU3,162,4,-30.981
2,hvn,HVU3,162,4,
1,hvn,HVU3,162,3,-30.935
2,hvn,HVU3,162,3,
1,hvn,HVU3,163,3,-31.395
2,hvn,HVU3,163,3,
1,hvn,HVU3,163,4,-31.022
2,hvn,HVU3,163,4,
1,hvn,HVU3,163,1,-30.907
2,hvn,HVU3,163,1,
1,hvn,HVU3,163,5,-30.865
2,hvn,HVU3,163,5,
1,hvn,HVU3,163,3,-30.587
2,hvn,HVU3,163,3,
1,hvn,HVU3,164,5,-32.747
2,hvn,HVU3,164,5,
1,hvn,HVU3,164,3,-32.195
2,hvn,HVU3,164,3,
1,hvn,HVU3,164,4,-31.829
2,hvn,HVU3,164,4,
1,hvn,HVU3,164,1,-31.515
2,hvn,HVU3,164,1,
1,hvn,HVU3,164,2,-30.818
2,hvn,HVU3,164,2,
1,hvn,HVU3,165,2,-32.517
2,hvn,HVU3,165,2,
1,hvn,HVU3,165,5,-32.376
2,hvn,HVU3,165,5,
1,hvn,HVU3,165,4,-31.611
2,hvn,HVU3,165,4,
1,hvn,HVU3,165,3,-30.292
2,hvn,HVU3,165,3,
1,hvn,HVU3,165,1,-30.065
2,hvn,HVU3,165,1,
1,hvn,HVU3,166,5,-30.978
2,hvn,HVU3,166,5,
1,hvn,HVU3,166,2,-30.684
2,hvn,HVU3,166,2,
1,hvn,HVU3,166,1,-30.329
2,hvn,HVU3,166,1,
1,hvn,HVU3,166,4,-30.236
2,hvn,HVU3,166,4,
1,hvn,HVU3,166,3,-29.695
2,hvn,HVU3,166,3,
1,montreal cyn,MC1,168,3,-32.021
2,montreal cyn,MC1,168,3,
1,montreal cyn,MC1,168,4,-31.679
2,montreal cyn,MC1,168,4,
1,montreal cyn,MC1,168,2,-31.317
2,montreal cyn,MC1,168,2,
1,montreal cyn,MC1,168,5,-30.757
2,montreal cyn,MC1,168,5,
1,montreal cyn,MC1,168,1,-30.718
2,montreal cyn,MC1,168,1,
1,montreal cyn,MC1,169,5,-30.354
2,montreal cyn,MC1,169,5,
1,montreal cyn,MC1,169,1,-30.087
2,montreal cyn,MC1,169,1,
1,montreal cyn,MC1,169,3,-29.366
2,montreal cyn,MC1,169,3,
1,montreal cyn,MC1,169,4,-28.994
2,montreal cyn,MC1,169,4,
1,montreal cyn,MC1,169,2,-28.946
2,montreal cyn,MC1,169,2,
1,montreal cyn,MC1,171,4,-32.2
2,montreal cyn,MC1,171,4,
1,montreal cyn,MC1,171,2,-31.582
2,montreal cyn,MC1,171,2,
1,montreal cyn,MC1,171,5,-31.535
2,montreal cyn,MC1,171,5,
1,montreal cyn,MC1,171,3,-31.292
2,montreal cyn,MC1,171,3,
1,montreal cyn,MC1,171,1,-30.17
2,montreal cyn,MC1,171,1,
1,montreal cyn,MC1,173,4,-32.248
2,montreal cyn,MC1,173,4,
1,montreal cyn,MC1,173,2,-31.638
2,montreal cyn,MC1,173,2,
1,montreal cyn,MC1,173,3,-31.597
2,montreal cyn,MC1,173,3,
1,montreal cyn,MC1,173,5,-30.854
2,montreal cyn,MC1,173,5,
1,montreal cyn,MC1,173,1,-30.784
2,montreal cyn,MC1,173,1,
1,montreal cyn,MC1,174,4,-30.782
2,montreal cyn,MC1,174,4,
1,montreal cyn,MC1,174,5,-30.336
2,montreal cyn,MC1,174,5,
1,montreal cyn,MC1,174,1,-29.581
2,montreal cyn,MC1,174,1,
1,montreal cyn,MC1,174,2,-29.479
2,montreal cyn,MC1,174,2,
1,montreal cyn,MC1,174,3,-29.273
2,montreal cyn,MC1,174,3,
1,montreal cyn,MC1,175,4,-31.472
2,montreal cyn,MC1,175,4,
1,montreal cyn,MC1,175,3,-31.171
2,montreal cyn,MC1,175,3,
1,montreal cyn,MC1,175,5,-30.551
2,montreal cyn,MC1,175,5,
1,montreal cyn,MC1,175,1,-29.99
2,montreal cyn,MC1,175,1,
1,montreal cyn,MC1,175,2,-29.449
2,montreal cyn,MC1,175,2,
1,montreal cyn,MC1,176,5,-31.575
2,montreal cyn,MC1,176,5,
1,montreal cyn,MC1,176,3,-31.338
2,montreal cyn,MC1,176,3,
1,montreal cyn,MC1,176,2,-30.576
2,montreal cyn,MC1,176,2,
1,montreal cyn,MC1,176,1,-30.001
2,montreal cyn,MC1,176,1,
1,montreal cyn,MC1,176,4,-28.084
2,montreal cyn,MC1,176,4,
1,montreal cyn,MC1,177,3,-32.522
2,montreal cyn,MC1,177,3,
1,montreal cyn,MC1,177,5,-32.137
2,montreal cyn,MC1,177,5,
1,montreal cyn,MC1,177,3,-31.901
2,montreal cyn,MC1,177,3,
1,montreal cyn,MC1,177,4,-30.76
2,montreal cyn,MC1,177,4,
1,montreal cyn,MC1,177,1,-29.723
2,montreal cyn,MC1,177,1,
1,montreal cyn,MC2,178,5,-31.185
2,montreal cyn,MC2,178,5,
1,montreal cyn,MC2,178,3,-31.065
2,montreal cyn,MC2,178,3,
1,montreal cyn,MC2,178,2,-31.008
2,montreal cyn,MC2,178,2,
1,montreal cyn,MC2,178,4,-30.551
2,montreal cyn,MC2,178,4,
1,montreal cyn,MC2,178,1,-30.367
2,montreal cyn,MC2,178,1,
1,montreal cyn,MC2,180,4,-31.087
2,montreal cyn,MC2,180,4,
1,montreal cyn,MC2,180,5,-30.927
2,montreal cyn,MC2,180,5,
1,montreal cyn,MC2,180,1,-30.463
2,montreal cyn,MC2,180,1,
1,montreal cyn,MC2,180,3,-30.381
2,montreal cyn,MC2,180,3,
1,montreal cyn,MC2,180,2,-29.706
2,montreal cyn,MC2,180,2,
1,montreal cyn,MC2,181,3,-31.172
2,montreal cyn,MC2,181,3,
1,montreal cyn,MC2,181,4,-30.748
2,montreal cyn,MC2,181,4,
1,montreal cyn,MC2,181,2,-30.624
2,montreal cyn,MC2,181,2,
1,montreal cyn,MC2,181,5,-30.527
2,montreal cyn,MC2,181,5,
1,montreal cyn,MC2,181,1,-29.535
2,montreal cyn,MC2,181,1,
1,montreal cyn,MC2,182,2,-31.955
2,montreal cyn,MC2,182,2,
1,montreal cyn,MC2,182,3,-31.933
2,montreal cyn,MC2,182,3,
1,montreal cyn,MC2,182,1,-31.473
2,montreal cyn,MC2,182,1,
1,montreal cyn,MC2,182,5,-31.342
2,montreal cyn,MC2,182,5,
1,montreal cyn,MC2,182,4,-30.676
2,montreal cyn,MC2,182,4,
1,montreal cyn,MC2,183,3,-32.055
2,montreal cyn,MC2,183,3,
1,montreal cyn,MC2,183,5,-32.007
2,montreal cyn,MC2,183,5,
1,montreal cyn,MC2,183,1,-31.404
2,montreal cyn,MC2,183,1,
1,montreal cyn,MC2,183,4,-30.321
2,montreal cyn,MC2,183,4,
1,montreal cyn,MC3,184,3,-31.932
2,montreal cyn,MC3,184,3,
1,montreal cyn,MC3,184,2,-30.284
2,montreal cyn,MC3,184,2,
1,montreal cyn,MC3,184,1,-30.212
2,montreal cyn,MC3,184,1,
1,montreal cyn,MC3,184,5,-30.057
2,montreal cyn,MC3,184,5,
1,montreal cyn,MC3,184,4,-29.288
2,montreal cyn,MC3,184,4,
1,montreal cyn,MC3,185,1,-32.171
2,montreal cyn,MC3,185,1,
1,montreal cyn,MC3,185,3,-32.155
2,montreal cyn,MC3,185,3,
1,montreal cyn,MC3,185,5,-30.961
2,montreal cyn,MC3,185,5,
1,montreal cyn,MC3,185,2,-30.828
2,montreal cyn,MC3,185,2,
1,montreal cyn,MC3,185,4,-29.794
2,montreal cyn,MC3,185,4,
1,montreal cyn,MC3,186,5,-32.535
2,montreal cyn,MC3,186,5,
1,montreal cyn,MC3,186,1,-31.877
2,montreal cyn,MC3,186,1,
1,montreal cyn,MC3,186,3,-31.721
2,montreal cyn,MC3,186,3,
1,montreal cyn,MC3,186,2,-31.404
2,montreal cyn,MC3,186,2,
1,montreal cyn,MC3,186,4,-30.04
2,montreal cyn,MC3,186,4,
1,montreal cyn,MC3,189,3,-31.915
2,montreal cyn,MC3,189,3,
1,montreal cyn,MC3,189,4,-31.787
2,montreal cyn,MC3,189,4,
1,montreal cyn,MC3,189,1,-30.498
2,montreal cyn,MC3,189,1,
1,montreal cyn,MC3,189,5,-30.069
2,montreal cyn,MC3,189,5,
1,montreal cyn,MC3,189,2,-29.686
2,montreal cyn,MC3,189,2,
1,montreal cyn,MC3,190,4,-31.945
2,montreal cyn,MC3,190,4,
1,montreal cyn,MC3,190,3,-31.719
2,montreal cyn,MC3,190,3,
1,montreal cyn,MC3,190,2,-30.631
2,montreal cyn,MC3,190,2,
1,montreal cyn,MC3,190,1,-30.602
2,montreal cyn,MC3,190,1,
1,montreal cyn,MC3,190,5,-30.542
2,montreal cyn,MC3,190,5,
1,mt watson,MW3,191,3,-32.172
2,mt watson,MW3,191,3,
1,mt watson,MW3,191,1,-31.862
2,mt watson,MW3,191,1,
1,mt watson,MW3,191,2,-31.21
2,mt watson,MW3,191,2,
1,mt watson,MW3,191,4,-30.94
2,mt watson,MW3,191,4,
1,mt watson,MW3,191,5,-30.647
2,mt watson,MW3,191,5,
1,mt watson,MW3,193,2,-32.39
2,mt watson,MW3,193,2,
1,mt watson,MW3,193,1,-31.963
2,mt watson,MW3,193,1,
1,mt watson,MW3,193,4,-31.262
2,mt watson,MW3,193,4,
1,mt watson,MW3,193,4,-31.219
2,mt watson,MW3,193,4,
1,mt watson,MW3,193,3,-30.033
2,mt watson,MW3,193,3,
1,mt watson,MW3,195,2,-32.352
2,mt watson,MW3,195,2,
1,mt watson,MW3,195,4,-32.121
2,mt watson,MW3,195,4,
1,mt watson,MW3,195,1,-30.938
2,mt watson,MW3,195,1,
1,mt watson,MW3,195,5,-30.791
2,mt watson,MW3,195,5,
1,mt watson,MW3,195,3,-30.656
2,mt watson,MW3,195,3,
1,mt watson,MW3,196,3,-32.031
2,mt watson,MW3,196,3,
1,mt watson,MW3,196,5,-31.612
2,mt watson,MW3,196,5,
1,mt watson,MW3,196,1,-30.989
2,mt watson,MW3,196,1,
1,mt watson,MW3,196,2,-30.635
2,mt watson,MW3,196,2,
1,mt watson,MW3,196,4,-30.188
2,mt watson,MW3,196,4,
1,mt watson,MW1,197,3,-32.698
2,mt watson,MW1,197,3,
1,mt watson,MW1,197,5,-32.567
2,mt watson,MW1,197,5,
1,mt watson,MW1,197,1,-32.159
2,mt watson,MW1,197,1,
1,mt watson,MW1,197,4,-31.684
2,mt watson,MW1,197,4,
1,mt watson,MW1,197,2,-31.116
2,mt watson,MW1,197,2,
1,mt watson,MW1,198,1,-32.791
2,mt watson,MW1,198,1,
1,mt watson,MW1,198,4,-32.27
2,mt watson,MW1,198,4,
1,mt watson,MW1,198,2,-31.998
2,mt watson,MW1,198,2,
1,mt watson,MW1,198,3,-30.524
2,mt watson,MW1,198,3,
1,mt watson,MW1,198,5,-29.457
2,mt watson,MW1,198,5,
1,mt watson,MW1,199,2,-32.753
2,mt watson,MW1,199,2,
1,mt watson,MW1,199,5,-32.474
2,mt watson,MW1,199,5,
1,mt watson,MW1,199,2,-31.923
2,mt watson,MW1,199,2,
1,mt watson,MW1,199,3,-31.45
2,mt watson,MW1,199,3,
1,mt watson,MW1,199,4,-31.092
2,mt watson,MW1,199,4,
1,mt watson,MW1,200,5,-32.587
2,mt watson,MW1,200,5,
1,mt watson,MW1,200,3,-32.452
2,mt watson,MW1,200,3,
1,mt watson,MW1,200,2,-32.088
2,mt watson,MW1,200,2,
1,mt watson,MW1,200,4,-30.972
2,mt watson,MW1,200,4,
1,mt watson,MW1,200,1,-29.834
2,mt watson,MW1,200,1,
1,mt watson,MW1,201,2,-32.797
2,mt watson,MW1,201,2,
1,mt watson,MW1,201,3,-32.107
2,mt watson,MW1,201,3,
1,mt watson,MW1,201,5,-30.847
2,mt watson,MW1,201,5,
1,mt watson,MW1,201,4,-29.726
2,mt watson,MW1,201,4,
1,mt watson,MW1,201,1,-29.229
2,mt watson,MW1,201,1,
1,mt watson,MW1,202,5,-32.129
2,mt watson,MW1,202,5,
1,mt watson,MW1,202,3,-32.076
2,mt watson,MW1,202,3,
1,mt watson,MW1,202,1,-31.797
2,mt watson,MW1,202,1,
1,mt watson,MW1,202,2,-30.778
2,mt watson,MW1,202,2,
1,mt watson,MW1,202,4,-29.665
2,mt watson,MW1,202,4,
1,mt watson,MW2,203,4,-32.323
2,mt watson,MW2,203,4,
1,mt watson,MW2,203,2,-31.661
2,mt watson,MW2,203,2,
1,mt watson,MW2,203,3,-30.922
2,mt watson,MW2,203,3,
1,mt watson,MW2,203,5,-30.905
2,mt watson,MW2,203,5,
1,mt watson,MW2,203,1,-30.745
2,mt watson,MW2,203,1,
1,mt watson,MW2,205,1,-32.659
2,mt watson,MW2,205,1,
1,mt watson,MW2,205,2,-32.084
2,mt watson,MW2,205,2,
1,mt watson,MW2,205,5,-31.539
2,mt watson,MW2,205,5,
1,mt watson,MW2,205,3,-31.174
2,mt watson,MW2,205,3,
1,mt watson,MW2,205,4,-30.84
2,mt watson,MW2,205,4,
1,mt watson,MW2,206,4,-32.205
2,mt watson,MW2,206,4,
1,mt watson,MW2,206,5,-32.143
2,mt watson,MW2,206,5,
1,mt watson,MW2,206,2,-31.742
2,mt watson,MW2,206,2,
1,mt watson,MW2,206,1,-31.428
2,mt watson,MW2,206,1,
1,mt watson,MW2,206,3,-30.593
2,mt watson,MW2,206,3,
1,mt watson,MW2,208,5,-31.201
2,mt watson,MW2,208,5,
1,mt watson,MW2,208,3,-31.024
2,mt watson,MW2,208,3,
1,mt watson,MW2,208,4,-30.839
2,mt watson,MW2,208,4,
1,mt watson,MW2,208,1,-29.265
2,mt watson,MW2,208,1,
1,mt watson,MW2,208,2,-29.042
2,mt watson,MW2,208,2,
1,mt watson,MW2,209,5,-32.251
2,mt watson,MW2,209,5,
1,mt watson,MW2,209,4,-31.639
2,mt watson,MW2,209,4,
1,mt watson,MW2,209,2,-30.733
2,mt watson,MW2,209,2,
1,mt watson,MW2,209,3,-30.717
2,mt watson,MW2,209,3,
1,mt watson,MW2,209,1,-29.288
2,mt watson,MW2,209,1,
1,armstrong,AP1,211,5,-31.231
2,armstrong,AP1,211,5,
1,armstrong,AP1,211,2,-31.04
2,armstrong,AP1,211,2,
1,armstrong,AP1,211,4,-30.765
2,armstrong,AP1,211,4,
1,armstrong,AP1,211,3,-30.761
2,armstrong,AP1,211,3,
1,armstrong,AP1,211,1,-30.396
2,armstrong,AP1,211,1,
1,armstrong,AP1,212,1,-31.924
2,armstrong,AP1,212,1,
1,armstrong,AP1,212,5,-31.061
2,armstrong,AP1,212,5,
1,armstrong,AP1,212,3,-30.52
2,armstrong,AP1,212,3,
1,armstrong,AP1,212,4,-30.517
2,armstrong,AP1,212,4,
1,armstrong,AP1,213,3,-32.736
2,armstrong,AP1,213,3,
1,armstrong,AP1,213,5,-32.278
2,armstrong,AP1,213,5,
1,armstrong,AP1,213,1,-31.429
2,armstrong,AP1,213,1,
1,armstrong,AP1,213,2,-31.147
2,armstrong,AP1,213,2,
1,armstrong,AP1,213,4,-29.788
2,armstrong,AP1,213,4,
1,armstrong,AP1,215,4,-31.748
2,armstrong,AP1,215,4,
1,armstrong,AP1,215,3,-31.686
2,armstrong,AP1,215,3,
1,armstrong,AP1,215,1,-31.655
2,armstrong,AP1,215,1,
1,armstrong,AP1,215,2,-30.858
2,armstrong,AP1,215,2,
1,armstrong,AP1,215,5,-29.809
2,armstrong,AP1,215,5,
1,armstrong,AP2,217,1,-32.094
2,armstrong,AP2,217,1,
1,armstrong,AP2,217,4,-31.948
2,armstrong,AP2,217,4,
1,armstrong,AP2,217,4,-31.907
2,armstrong,AP2,217,4,
1,armstrong,AP2,217,3,-30.66
2,armstrong,AP2,217,3,
1,armstrong,AP2,218,2,-32.87
2,armstrong,AP2,218,2,
1,armstrong,AP2,218,5,-31.456
2,armstrong,AP2,218,5,
1,armstrong,AP2,218,1,-31.36
2,armstrong,AP2,218,1,
1,armstrong,AP2,218,3,-31.043
2,armstrong,AP2,218,3,
1,armstrong,AP2,218,4,-30.493
2,armstrong,AP2,218,4,
1,armstrong,AP2,219,3,-32.284
2,armstrong,AP2,219,3,
1,armstrong,AP2,219,2,-31.797
2,armstrong,AP2,219,2,
1,armstrong,AP2,219,5,-31.737
2,armstrong,AP2,219,5,
1,armstrong,AP2,219,4,-31.68
2,armstrong,AP2,219,4,
1,armstrong,AP2,219,1,-30.567
2,armstrong,AP2,219,1,
1,armstrong,AP2,221,3,-31.975
2,armstrong,AP2,221,3,
1,armstrong,AP2,221,5,-31.674
2,armstrong,AP2,221,5,
1,armstrong,AP2,221,4,-30.847
2,armstrong,AP2,221,4,
1,armstrong,AP2,221,2,-29.726
2,armstrong,AP2,221,2,
1,armstrong,AP2,221,1,-29.159
2,armstrong,AP2,221,1,
1,armstrong,AP2,223,5,-32.23
2,armstrong,AP2,223,5,
1,armstrong,AP2,223,2,-32.15
2,armstrong,AP2,223,2,
1,armstrong,AP2,223,4,-31.355
2,armstrong,AP2,223,4,
1,armstrong,AP2,223,3,-30.988
2,armstrong,AP2,223,3,
1,armstrong,AP2,223,1,-29.312
2,armstrong,AP2,223,1,
1,armstrong,AP2,224,2,-32.152
2,armstrong,AP2,224,2,
1,armstrong,AP2,224,1,-30.43
2,armstrong,AP2,224,1,
1,armstrong,AP2,224,4,-30.401
2,armstrong,AP2,224,4,
1,armstrong,AP2,224,3,-29.993
2,armstrong,AP2,224,3,
1,armstrong,AP2,224,5,-29.238
2,armstrong,AP2,224,5,
1,armstrong,AP3,225,3,-31.551
2,armstrong,AP3,225,3,
1,armstrong,AP3,225,5,-31.454
2,armstrong,AP3,225,5,
1,armstrong,AP3,225,2,-30.482
2,armstrong,AP3,225,2,
1,armstrong,AP3,225,4,-30.367
2,armstrong,AP3,225,4,
1,armstrong,AP3,225,1,-30.036
2,armstrong,AP3,225,1,
1,armstrong,AP3,226,4,-32.764
2,armstrong,AP3,226,4,
1,armstrong,AP3,226,1,-31.693
2,armstrong,AP3,226,1,
1,armstrong,AP3,226,2,-31.569
2,armstrong,AP3,226,2,
1,armstrong,AP3,226,3,-31.104
2,armstrong,AP3,226,3,
1,armstrong,AP3,226,5,-30.604
2,armstrong,AP3,226,5,
1,armstrong,AP3,227,5,-31.332
2,armstrong,AP3,227,5,
1,armstrong,AP3,227,4,-30.931
2,armstrong,AP3,227,4,
1,armstrong,AP3,227,2,-30.86
2,armstrong,AP3,227,2,
1,armstrong,AP3,227,3,-30.566
2,armstrong,AP3,227,3,
1,armstrong,AP3,227,1,-30.451
2,armstrong,AP3,227,1,
1,armstrong,AP3,228,4,-31.071
2,armstrong,AP3,228,4,
1,armstrong,AP3,228,3,-30.978
2,armstrong,AP3,228,3,
1,armstrong,AP3,228,5,-30.363
2,armstrong,AP3,228,5,
1,armstrong,AP3,228,2,-29.735
2,armstrong,AP3,228,2,
1,armstrong,AP3,228,2,-29.145
2,armstrong,AP3,228,2,
1,armstrong,AP3,230,4,-31.851
2,armstrong,AP3,230,4,
1,armstrong,AP3,230,2,-31.441
2,armstrong,AP3,230,2,
1,armstrong,AP3,230,1,-31.39
2,armstrong,AP3,230,1,
1,armstrong,AP3,230,3,-30.974
2,armstrong,AP3,230,3,
1,armstrong,AP3,230,5,-30.752
2,armstrong,AP3,230,5,
1,armstrong,AP3,231,5,-32.409
2,armstrong,AP3,231,5,
1,armstrong,AP3,231,1,-30.824
2,armstrong,AP3,231,1,
1,armstrong,AP3,231,4,-30.595
2,armstrong,AP3,231,4,
1,armstrong,AP3,231,2,-30.418
2,armstrong,AP3,231,2,
1,armstrong,AP3,231,3,-29.967
2,armstrong,AP3,231,3,
1,armstrong,AP3,232,3,-31.578
2,armstrong,AP3,232,3,
1,armstrong,AP3,232,1,-31.04
2,armstrong,AP3,232,1,
1,armstrong,AP3,232,5,-30.746
2,armstrong,AP3,232,5,
1,armstrong,AP3,232,2,-28.999
2,armstrong,AP3,232,2,
1,armstrong,AP3,232,4,-28.422
2,armstrong,AP3,232,4,
1,meiss mdw,MM3,233,3,-31.949
2,meiss mdw,MM3,233,3,
1,meiss mdw,MM3,233,2,-31.841
2,meiss mdw,MM3,233,2,
1,meiss mdw,MM3,233,1,-30.844
2,meiss mdw,MM3,233,1,
1,meiss mdw,MM3,233,4,-30.312
2,meiss mdw,MM3,233,4,
1,meiss mdw,MM3,233,5,-29.779
2,meiss mdw,MM3,233,5,
1,meiss mdw,MM3,234,5,-30.54
2,meiss mdw,MM3,234,5,
1,meiss mdw,MM3,234,2,-30.357
2,meiss mdw,MM3,234,2,
1,meiss mdw,MM3,234,3,-29.842
2,meiss mdw,MM3,234,3,
1,meiss mdw,MM3,234,4,-29.799
2,meiss mdw,MM3,234,4,
1,meiss mdw,MM3,234,1,-29.619
2,meiss mdw,MM3,234,1,
1,meiss mdw,MM3,235,5,-32.927
2,meiss mdw,MM3,235,5,
1,meiss mdw,MM3,235,3,-32.071
2,meiss mdw,MM3,235,3,
1,meiss mdw,MM3,235,4,-32.033
2,meiss mdw,MM3,235,4,
1,meiss mdw,MM3,235,2,-30.653
2,meiss mdw,MM3,235,2,
1,meiss mdw,MM3,235,1,-30.585
2,meiss mdw,MM3,235,1,
1,meiss mdw,MM3,236,2,-32.005
2,meiss mdw,MM3,236,2,
1,meiss mdw,MM3,236,3,-31.684
2,meiss mdw,MM3,236,3,
1,meiss mdw,MM3,236,5,-30.576
2,meiss mdw,MM3,236,5,
1,meiss mdw,MM3,236,1,-30.086
2,meiss mdw,MM3,236,1,
1,meiss mdw,MM3,236,4,-29.72
2,meiss mdw,MM3,236,4,
1,meiss mdw,MM3,237,5,-32.113
2,meiss mdw,MM3,237,5,
1,meiss mdw,MM3,237,3,-31.255
2,meiss mdw,MM3,237,3,
1,meiss mdw,MM3,237,2,-30.977
2,meiss mdw,MM3,237,2,
1,meiss mdw,MM3,237,4,-30.648
2,meiss mdw,MM3,237,4,
1,meiss mdw,MM3,237,1,-29.794
2,meiss mdw,MM3,237,1,
1,meiss mdw,MM3,238,2,-31.113
2,meiss mdw,MM3,238,2,
1,meiss mdw,MM3,238,3,-30.656
2,meiss mdw,MM3,238,3,
1,meiss mdw,MM3,238,4,-30.516
2,meiss mdw,MM3,238,4,
1,meiss mdw,MM3,238,5,-30.335
2,meiss mdw,MM3,238,5,
1,meiss mdw,MM3,238,1,-30.215
2,meiss mdw,MM3,238,1,
1,meiss mdw,MM3,239,1,-31.951
2,meiss mdw,MM3,239,1,
1,meiss mdw,MM3,239,5,-31.078
2,meiss mdw,MM3,239,5,
1,meiss mdw,MM3,239,3,-31.004
2,meiss mdw,MM3,239,3,
1,meiss mdw,MM3,239,4,-30.861
2,meiss mdw,MM3,239,4,
1,meiss mdw,MM3,239,2,-30.845
2,meiss mdw,MM3,239,2,
1,meiss mdw,MM2,241,5,-30.99
2,meiss mdw,MM2,241,5,
1,meiss mdw,MM2,241,2,-30.688
2,meiss mdw,MM2,241,2,
1,meiss mdw,MM2,241,4,-30.371
2,meiss mdw,MM2,241,4,
1,meiss mdw,MM2,241,3,-30.206
2,meiss mdw,MM2,241,3,
1,meiss mdw,MM2,241,1,-29.218
2,meiss mdw,MM2,241,1,
1,meiss mdw,MM2,242,1,-31.16
2,meiss mdw,MM2,242,1,
1,meiss mdw,MM2,242,4,-30.803
2,meiss mdw,MM2,242,4,
1,meiss mdw,MM2,242,2,-30.74
2,meiss mdw,MM2,242,2,
1,meiss mdw,MM2,242,3,-30.405
2,meiss mdw,MM2,242,3,
1,meiss mdw,MM2,242,5,-29.414
2,meiss mdw,MM2,242,5,
1,meiss mdw,MM2,244,4,-31.442
2,meiss mdw,MM2,244,4,
1,meiss mdw,MM2,244,1,-29.959
2,meiss mdw,MM2,244,1,
1,meiss mdw,MM2,244,4,-29.656
2,meiss mdw,MM2,244,4,
1,meiss mdw,MM2,244,2,-29.448
2,meiss mdw,MM2,244,2,
1,meiss mdw,MM2,244,3,-29.317
2,meiss mdw,MM2,244,3,
1,meiss mdw,MM2,245,1,-32.252
2,meiss mdw,MM2,245,1,
1,meiss mdw,MM2,245,2,-32.2
2,meiss mdw,MM2,245,2,
1,meiss mdw,MM2,245,5,-31.839
2,meiss mdw,MM2,245,5,
1,meiss mdw,MM2,245,4,-31.429
2,meiss mdw,MM2,245,4,
1,meiss mdw,MM2,245,3,-31.023
2,meiss mdw,MM2,245,3,
1,meiss mdw,MM2,246,3,-32.006
2,meiss mdw,MM2,246,3,
1,meiss mdw,MM2,246,2,-31.346
2,meiss mdw,MM2,246,2,
1,meiss mdw,MM2,246,5,-31.316
2,meiss mdw,MM2,246,5,
1,meiss mdw,MM2,246,4,-30.803
2,meiss mdw,MM2,246,4,
1,meiss mdw,MM2,246,1,-30.077
2,meiss mdw,MM2,246,1,
1,meiss mdw,MM1,247,3,-31.709
2,meiss mdw,MM1,247,3,
1,meiss mdw,MM1,247,5,-31.254
2,meiss mdw,MM1,247,5,
1,meiss mdw,MM1,247,4,-31.122
2,meiss mdw,MM1,247,4,
1,meiss mdw,MM1,247,1,-31.098
2,meiss mdw,MM1,247,1,
1,meiss mdw,MM1,247,2,-30.125
2,meiss mdw,MM1,247,2,
1,meiss mdw,MM1,248,4,-31.848
2,meiss mdw,MM1,248,4,
1,meiss mdw,MM1,248,3,-31.328
2,meiss mdw,MM1,248,3,
1,meiss mdw,MM1,248,5,-30.954
2,meiss mdw,MM1,248,5,
1,meiss mdw,MM1,248,1,-30.74
2,meiss mdw,MM1,248,1,
1,meiss mdw,MM1,248,2,-30.295
2,meiss mdw,MM1,248,2,
1,meiss mdw,MM1,249,3,-33.092
2,meiss mdw,MM1,249,3,
1,meiss mdw,MM1,249,1,-32.831
2,meiss mdw,MM1,249,1,
1,meiss mdw,MM1,249,5,-31.52
2,meiss mdw,MM1,249,5,
1,meiss mdw,MM1,249,2,-31.436
2,meiss mdw,MM1,249,2,
1,meiss mdw,MM1,249,4,-31.311
2,meiss mdw,MM1,249,4,
1,meiss mdw,MM1,250,5,-31.718
2,meiss mdw,MM1,250,5,
1,meiss mdw,MM1,250,3,-31.544
2,meiss mdw,MM1,250,3,
1,meiss mdw,MM1,250,4,-31.44
2,meiss mdw,MM1,250,4,
1,meiss mdw,MM1,250,1,-30.709
2,meiss mdw,MM1,250,1,
1,meiss mdw,MM1,250,2,-30.546
2,meiss mdw,MM1,250,2,
1,meiss mdw,MM1,251,2,-32.308
2,meiss mdw,MM1,251,2,
1,meiss mdw,MM1,251,5,-32.224
2,meiss mdw,MM1,251,5,
1,meiss mdw,MM1,251,3,-32.212
2,meiss mdw,MM1,251,3,
1,meiss mdw,MM1,251,4,-31.095
2,meiss mdw,MM1,251,4,
1,meiss mdw,MM1,251,1,-30.918
2,meiss mdw,MM1,251,1,
1,meiss mdw,MM1,253,3,-33.031
2,meiss mdw,MM1,253,3,
1,meiss mdw,MM1,253,4,-32.087
2,meiss mdw,MM1,253,4,
1,meiss mdw,MM1,253,1,-31.396
2,meiss mdw,MM1,253,1,
1,meiss mdw,MM1,253,2,-31.159
2,meiss mdw,MM1,253,2,
1,meiss mdw,MM1,253,5,-30.67
2,meiss mdw,MM1,253,5,
